<?xml version="1.0" encoding="UTF-8" ?>
<extension type="package" version="3.3">
   <name>中文(繁體．台灣)完整語言包</name>
   <packagename>zh-TW</packagename>
   <version>3.3.3.1</version>
   <creationDate>2014-7-30</creationDate>
   <author>Joomla! Taiwan User Community</author>
   <authorEmail>eddy@joomla.org.tw</authorEmail>
   <authorUrl>www.joomla.org.tw</authorUrl>
    <copyright>Copyright (C) 2005 - 2012 Copyright (C) 2005 - 2014 Open Source Matters  All rights reserved.</copyright>
   <license>GNU General Public License version 2 or later; see LICENSE.txt</license>
   <url></url>
   <packager>Joomla! Traditional Chinese</packager>
   <packagerurl>www.joomla.org.tw</packagerurl>
   <description>
      <![CDATA[
      <h3>Joomla! 3.3.3v1 中文(繁體．台灣)完整語言包</h3>
      <h3>Joomla! 3.3.3v1 Traditional Chinese (Taiwan) Language Package</h3>
      ]]>
   </description>
   <files>
        <file type="language" client="site" id="zh-TW">site_zh-TW.zip</file>
        <file type="language" client="administrator" id="zh-TW">admin_zh-TW.zip</file>
  </files>
	<updateservers>
        <server type="collection" priority="1" name="Accredited Joomla! Translations">http://update.joomla.org/language/translationlist_3.xml</server>
    </updateservers>
</extension>